path,prompt
images/0.png,"A man with dark hair leaned over her, his hands roaming over her body"
images/0.png,"A tall, muscular man enters the room, his eyes fixed on Carmen's naked form"
images/0.png,"A woman lies on a plush bed, her body nude and glistening with sweat as she writhes with pleasure A man stands above her, his naked body tense with desire as he thrusts into her with a primal hunger"
images/0.png,"And finally, when I can't take it anymore, I give you what you've been craving I let you come, feeling your body convulse with pleasure as I hold you close, whispering words of love and adoration in your ear"
images/0.png,"And then I begin to explore your body in new ways, using my mouth and my fingers to drive you wild with desire I push you to the brink again and again, denying you releas⁸e until you're begging for it, until you're aching with need"
images/0.png,"And then, just as you're about to tip over the edge, I stop, pulling my hands away from your body You whimper in frustration, wanting more, needing more"
images/0.png,"Another woman straddles my face, grinding her slick pussy against my tongue as she moans in pleasure"
images/0.png,"As the night wears on, we all become lost in the pleasure of our bodies, pushing each other to new heights of ecstasy and abandon"
images/0.png,"As they move together, their bodies become slick with sweat 9and their breathing grows ragged He grips her hips tightly, slamming into her with increasing force as she cries out in pleasure"
images/0.png,"As you wish, woman In this scene, you find yourself lying naked on a king-sized bed in a luxurious penthouse suite, The man with whom you have been flirting for hours finally enters the room, his eyes dark with desire as he surveys your naked form"
images/0.png,"But I have other plans for you, woman I want to take you on a journey of pleasure and pain, ecstasy and torment I want to make you beg for release, to make you submit to my will"
images/0.png,"But I'm not done with you yet, woman I want to take you higher, make you feel things you never thought possible I continue to finger you, feeling you grow wetter and more responsive with each passing moment"
images/0.png,"Carmen arches her back, running her hands sensually over her body as she beckons the man over to her"
images/0.png,"Carmen leans back, her head thrown back in pleasure, as the man's mouth finds her breasts, his tongue circling around her nipples"
images/0.png,"Carmen wraps her legs around the man's waist, pulling him closer to her, as they kiss passionately"
images/0.png,"Every touch, every kiss, every thrust is imbued with a raw, animalistic intensity that leaves us all gasping for air"
images/0.png,"He climbs up on top of you, his cock pulsing with need as he enters you once more, his hands gripping your hips as he pounds into you, his breathing ragged with desire You're lost in the pleasure of his touch, your body writhing beneath him"
images/0.png,"He couldn't resist her, her nude body was too alluring"
images/0.png,"He eagerly approaches, his hands reaching for her, and she grabs him by the waist, pulling him onto the couch with her"
images/0.png,"He flips you over onto your hands and knees, his hands gripping your hips as he enters you from behind, driving deep into you with every thrust You arch your back, pushing back against him, lost in the intensity of the pleasure coursing through your body"
images/0.png,"He leans down to kiss her deeply, his tongue exploring her mouth as his hands roam over her body, caressing her breasts and hips She arches her back in response, driving him deeper inside her as she gasps in pleasure"
images/0.png,"He leans in to kiss you, his mouth hungry and possessive as his hands explore every inch of your body You can feel his growing erection pressing against your thigh, and you moan softly as his fingers slip inside you."
images/0.png,"your legs wrapped around his waist as he enters you once more, his hands gripping your thighs as he thrusts harder and harder You're lost in the pleasure of his touch, your mind consumed with the intensity of your orgasm"
images/0.png,"He pulls back for a moment, his eyes locked onto hers as he continues to thrust into her She moans softly, her body shaking with pleasure as he drives her closer to the edge"
images/0.png,"He pulls out and flips you over onto your back, his mouth on your clit as he sucks and licks at you, his fingers thrusting inside you You writhe beneath him, your body convulsing with pleasure as you come undone"
images/0.png,"He pulls you up onto his lap, his hands on your hips as he bounces you up and down on his cock, your breasts bouncing with each movement You can feel his fingers digging into your flesh, his breathing ragged with desire"
images/0.png,Her body arched with pleasure as he brought her to a climax
images/0.png,"Her body shakes with each orgasm, the pleasure overwhelming"
images/0.png,Her body shook with orgasm as the men continued to use her for their own pleasure
images/0.png,Her body trembled with pleasure as he brought her to the brink
images/0.png,Her eyes rolled back in ecstasy as he thrust into her
images/0.png,"Her hair is long and blonde, cascading down her back in soft waves"
images/0.png,Her moans echoed throughout the room as he pleasured her
images/0.png,His hands roamed over her curves as they kissed passionately
images/0.png,"I can feel your body trembling with anticipation as I trail my fingers lightly over your naked skin, leaving a trail of goosebumps in my wake. Your breath catches in your throat as I lean in to press my lips to yours, my tongue teasing yours in a dance of passion"
images/0.png,"I can sense your hunger, woman You yearn for the touch of a man, the feel of his body pressed against yours, the taste of his lips on yours Let me satisfy your cravings, let me take you to the heights of pleasure and beyond"
images/0.png,"I move my mouth back up to yours, kissing you deeply as I continue to work my magic with my hands Your body is on fire, every nerve ending alive with pleasure as I bring you to the brink of orgasm"
images/0.png,"I slip a finger inside you, feeling the tightness around it as I begin to move in and out, teasing your clit with my thumb You arch your back, pushing against my hand as you feel the first waves of pleasure begin to wash over you"
images/0.png,"I stand before you, fully naked, my long brunette hair cascading down my back in gentle waves"
images/0.png,"I take your nipple into my mouth, suckling gently as I hear you moan in pleasure My other hand slips lower, between your legs, feeling the wetness that has already begun to gather there"
images/0.png,"I take your wrists in my hands, holding them above your head as I lean down to whisper in your ear You belong to me now, woman, I say, my voice low and husky I will do with you as I please"
images/0.png,"I throw my head back in ecstasy, my hands gripping his hair as I ride his face"
images/0.png,"In a dimly lit room, Carmen is lying on a plush, red velvet couch, completely nude, except for a pair of black stilettos on her feet"
images/0.png,"In the back of the limousine, the woman straddled the man's lap, grinding against him as they raced through the city streets"
images/0.png,"In the deserted alleyway, the woman pressed herself against the wall as the man took her hard from behind"
images/0.png,"In the dimly lit room, the nude woman knelt before the man, taking him deep into her mouth with skilled expertise"
images/0.png,"In the dimly lit room, the woman lay on her stomach as the man kneaded her flesh with his strong hands, making her moan with pleasure"
images/0.png,"In the empty pool, the woman lay on her back as the man plunged into her with wild abandon, making the water splash around them"
images/0.png,"In the hot tub, the woman wrapped her legs around the man's waist, pulling him deep inside her as they both gasped for air"
images/0.png,"In the middle of the crowded club, the woman took off her clothes and began to dance seductively for the man, teasing him with every move"
images/0.png,"In the private booth, the woman eagerly took the man's hand and guided it between her legs, encouraging him to explore her wetness"
images/0.png,"In this moment, there are no rules, no boundaries, no inhibitions There is only the ecstasy of the flesh, and the insatiable desire to explore it to the fullest"
images/0.png,"My curvy hourglass figure is on full display, my ample breasts heaving with each breath"
images/0.png,"My hands move lower, caressing your breasts, squeezing them gently as I feel your nipples harden under my touch I trail kisses down your neck, nipping at your skin with my teeth as I make my way to your breasts"
images/0.png,"One man, with chiseled abs and a thick cock, kneels before me, his tongue lapping at my pussy with wild abandon"
images/0.png,One of the men begins to finger her while the other kisses her neck
images/0.png,"One of the men is touching her breasts, while the other is caressing her inner thigh"
images/0.png,"Our bodies entwine in a writhing mass of flesh and lust, as we all surrender to the primal urges that drive us"
images/0.png,She arched her back as his fingers found their way between her thighs
images/0.png,"She arches her back and moans louder, lost in pleasure"
images/0.png,"She begged for more, craving the pleasure that only they could give her"
images/0.png,"She begs them to let her come, but they keep denying her"
images/0.png,"She comes hard, her body shaking with pleasure"
images/0.png,"She cried out in pleasure, her hands gripping the sheets tightly"
images/0.png,"She eagerly welcomed him inside of her, moaning with pleasure"
images/0.png,"She feels like a goddess, worshipped by two incredibly sexy men"
images/0.png,"She feels safe and protected, but also incredibly turned on"
images/0.png,She finally reaches the breaking point and begs them to let her come
images/0.png,"She gasped as he entered her, feeling every inch of him"
images/0.png,"She gets up and walks over to the mirror, admiring her naked body"
images/0.png,"She giggles and kisses both men, thanking them for a wonderful time"
images/0.png,"She grips the sheets tightly, lost in ecstasy"
images/0.png,"She lay naked on the bed, waiting for him to make his move"
images/0.png,"She moans softly, loving the feeling of being completely helpless"
images/0.png,"She reaches up to wrap her arms around his neck, pulling him down to kiss her again as they continue to move together Their bodies are a blur of motion as they push each other to the brink of orgasm"
images/0.png,"She smiles seductively, knowing that she's still in control"
images/0.png,"She was completely naked, her body on full display for the men to enjoy"
images/0.png,"She was his, body and soul, and he worshiped her with every touch"
images/0.png,"She was in a state of constant ecstasy, her body constantly on the edge of orgasm"
images/0.png,"She's so wet and ready for them, her body responding to their every touch"
images/0.png,"The air is thick with the scent of sex, and the walls are adorned with erotic artwork and tapestries"
images/0.png,"The atmosphere is electric, charged with the primal energy of unbridled passion"
images/0.png,The bed sheets were soaked with sweat and their bodily fluids
images/0.png,"The cool breeze carries the scent of salty sea air, as you find yourself on a deserted beach, watching as the waves roll in and out, the water crashing against the shore in a mesmerizing rhythm"
images/0.png,The intensity of their connection was almost overwhelming
images/0.png,The intensity of their lovemaking was almost too much to bear
images/0.png,The intensity of their lovemaking was palpable
images/0.png,"The man held the woman's hands above her head, his lips trailing down her neck as he drove into her with fierce intensity"
images/0.png,"The man pinned the woman against the wall, his hands gripping her hips as he thrust into her with abandon"
images/0.png,"The man pulled her hair as he thrust into her harder, making her scream in pleasure"
images/0.png,"The man pushed the woman against the wall, his fingers delving deep inside her as he kissed her with fiery passion"
images/0.png,"The man stood behind the woman, his fingers buried deep inside her as she moaned with pleasure, her eyes closed in ecstasy"
images/0.png,"The man took the woman from behind, his fingers gripping her hips as he plunged deep into her, each thrust causing her to cry out with pleasure"
images/0.png,"The man took the woman in his arms, carrying her to the bedroom as she wrapped her legs around his waist, hungry for him"
images/0.png,"The man watched as the woman touched herself, her fingers sliding between her wet folds as she moaned with pleasure"
images/0.png,"The man watched intently as the woman slowly undressed, revealing her naked form, before climbing onto his lap and taking control"
images/0.png,The man's fingers dug into her hips as he pounded into her relentlessly
images/0.png,"The man's hands roamed over the curves of the woman's body as she rode him like a wild stallion, moaning with pleasure"
images/0.png,"The men each take a nipple into their mouths, sucking and nibbling until she's trembling with desire"
images/0.png,"The men exchange a knowing look, both hoping for a repeat performance"
images/0.png,"The men get up and walk over to her, wrapping their arms around her"
images/0.png,"The men hold her tightly, enjoying the feeling of her body against theirs"
images/0.png,The men smile triumphantly and finally give her what she wants
images/0.png,"The men take turns going down on her, tasting her sweetness and driving her wild"
images/0.png,"The men take turns holding her down, their hands gripping her hips as they pound into her"
images/0.png,"The men take turns kissing her deeply, their tongues exploring her mouth"
images/0.png,"The men take turns teasing her, bringing her to the edge of orgasm and then backing off"
images/0.png,"The men take turns thrusting into her, their moans mixing with hers"
images/0.png,"The men took turns with her, switching positions and exploring every inch of her body"
images/0.png,"The men watch her, their eyes hungry with desire"
images/0.png,"The men were insatiable, unable to get enough of her"
images/0.png,"The men were like animals, completely consumed by their lust for her"
images/0.png,"The men whispered dirty words into her ear, making her even more turned on"
images/0.png,"The naked woman lay on the bed, her legs spread wide, as the man above her pounded into her relentlessly"
images/0.png,"The night stretches on endlessly, a never-ending orgy of lust and desire that leaves us all sated and exhausted"
images/0.png,"The other two men watched with envy, eager for their turn to have her"
images/0.png,The passion between them was undeniable
images/0.png,"The room is alive with the sound of our frenzied lovemaking, and we all know that this is just the beginning of our wild, uninhibited journey together"
images/0.png,"The room is dimly lit, casting shadows across their entwined bodies as they move in a frenzied dance of passion The air is heavy with the scent of sex, and the only sounds are their moans of ecstasy and the slap of flesh on flesh"
images/0.png,"The room is filled with the sounds of moaning, groaning, and wet slapping as we all explore each other's bodies with reckless abandon"
images/0.png,"The room is filled with the sounds of sex, bodies slapping against each other"
images/0.png,The room smelled of sex and lust as the four of them continued to indulge in their desires
images/0.png,"The room was a testament to their love, filled with the evidence of their passion"
images/0.png,"The room was dimly lit, but the sight of her nude body illuminated it"
images/0.png,The room was filled with the sound of flesh slapping against flesh
images/0.png,The room was filled with the sounds of their lovemaking
images/0.png,The room was filled with their lustful energy
images/0.png,The room was hazy with the scent of sex and sweat
images/0.png,"The scene takes place in a luxurious, candlelit bedroom with silk sheets and plush pillows"
images/0.png,"The scene was one of pure lust and pleasure, with the woman at the center of it all"
images/0.png,The scent of sex permeated the air as they indulged in their desires
images/0.png,The sight of her naked body was enough to make him weak in the knees
images/0.png,The sight of him naked was enough to make her heart race
images/0.png,"The smell of leather and sweat fills the air as you watch a group of fit men engaged in a wrestling match, their bodies glistening with exertion"
images/0.png,"The smell of sex and sweat fills the air as you watch two women engage in a passionate kiss, their hands roaming each other's bodies with abandon"
images/0.png,"The smell of sweat and leather fills the air as you watch a group of muscular men engage in a BDSM session, their dominant partner directing their every move"
images/0.png,"The sound of a buzzing dildo fills the air as you watch a woman pleasure herself with the device, her body writhing in pleasure"
images/0.png,"The sound of a buzzing vibrator fills the air as you watch a gorgeous woman pleasure herself with the device, her hips bucking as she brings herself to the brink of orgasm"
images/0.png,"The sound of a slapping hand echoes through the room as you watch a man spank his partner, her ass turning bright red with each smack"
images/0.png,The sound of skin slapping against skin filled the room
images/0.png,"The warm sun beats down on your skin as you watch a group of fit men playing volleyball on the beach, their muscles rippling with every movement"
images/0.png,"The warm sun beats down on your skin as you watch a topless woman sunbathing on a rooftop deck, her skin golden and glistening with oil"
images/0.png,"The woman is completely lost in the moment, her mind consumed by pleasure"
images/0.png,"The woman is completely satisfied, her lust temporarily sated"
images/0.png,"The woman is covered in sweat and cum, but still looks incredibly sexy"
images/0.png,The woman is incredibly turned on by their aggression
images/0.png,"The woman is lying on the bed, completely naked"
images/0.png,"The woman is moaning softly, enjoying the attention from both men"
images/0.png,"The woman knelt before the man, her mouth open and ready as he thrust deep into her throat"
images/0.png,"The woman lay on the bed, her eyes closed in pleasure as the man pleasured her with his mouth"
images/0.png,"The woman lay on the bed, her legs in the air as the man knelt between them, his tongue teasing her swollen clit"
images/0.png,"The woman lay on the couch, her legs spread wide as the man knelt between them, his tongue lapping at her clit"
images/0.png,"The woman lay on the couch, spreading her legs invitingly as the man knelt between them, his mouth exploring every inch of her"
images/0.png,The woman moaned as the man kissed his way down her stomach
images/0.png,"The woman spreads her legs eagerly, inviting them to touch her most intimate parts"
images/0.png,"The woman straddled the man's face, grinding against his mouth as he pleasured her with his tongue"
images/0.png,"The woman straddled the man's lap, grinding against him with urgency as they both moaned in pleasure"
images/0.png,"The woman was a goddess, worshipped and adored by the men in the room"
images/0.png,"The woman was lost in ecstasy, completely consumed by the pleasure she was receiving"
images/0.png,"The woman was their plaything, their object of desire, their toy to be used and enjoyed"
images/0.png,"The woman's body is curvy and voluptuous, with ample breasts and a plump ass"
images/0.png,"The woman's body was an object of desire, her curves and soft skin driving the men wild"
images/0.png,The woman's body was covered in sweat as she was pleasured from every angle
images/0.png,The woman's breasts bounced as the man thrust into her from behind
images/0.png,The woman's hair stuck to her face as she panted with pleasure
images/0.png,The woman's long blonde hair flowed down her curvy back as she lay naked on the bed
images/0.png,"The woman's moans filled the room, driving the men wild with desire"
images/0.png,"The woman's naked body was covered in sweat as the man pushed her against the wall, thrusting into her from behind"
images/0.png,"Their bodies moved in perfect rhythm, the ultimate expression of love"
images/0.png,"Their hands explore each other's bodies, caressing and teasing in equal measure"
images/0.png,"There are two men in the room, both equally aroused by her beauty"
images/0.png,"They all collapse on the bed, panting and exhausted"
images/0.png,"They fall asleep together, entwined in each other's arms"
images/0.png,"They kiss her deeply, their tongues dueling for dominance"
images/0.png,"They lost themselves in each other, the world around them fading away"
images/0.png,"They pick her up and carry her back to the bed, their bodies pressed against hers"
images/0.png,"They take turns kissing her neck and breasts, while their hands roam her body"
images/0.png,"They used her body in every way possible, taking turns with her and exploring every fantasy"
images/0.png,"They want her to beg, to crave release"
images/0.png,"They were both consumed by the fire of desire, unable to resist each other"
images/0.png,"They were in a private room, far away from prying eyes and judgmental stares"
images/0.png,"They were lost in a sea of passion, unable to think of anything else"
images/0.png,"They were two bodies becoming one, the pleasure overwhelming them both"
images/0.png,"They were two hearts beating as one, lost in the ecstasy of their union"
images/0.png,"This content may violate our content policy If you believe this to be in error, please submit your feedback — your input will aid our research in this area"
images/0.png,"Two other men watched from the sidelines, stroking themselves as they waited for their turn"
images/0.png,"You are in a dark dungeon, watching as a muscular man is restrained and whipped by his dominatrix, her leather-clad body moving with grace and power"
images/0.png,"You are in a dimly lit bar, watching as a group of women flirt with each other over drinks, their bodies leaning in close as they share intimate secrets"
images/0.png,"You are in a dimly lit bedroom, watching as your partner slowly slides their fingers inside themselves, their face contorting in pleasure as they bring themselves to orgasm"
images/0.png,"You are in a luxurious spa, watching as a group of stunningly beautiful women engage in a sensual massage session, their hands roaming over each other's bodies with skill and grace"
images/0.png,"You are in a plush bedroom, watching as your partner lays back on the bed, legs spread wide as they beckon you to come closer"
images/0.png,"You are standing in a dimly lit alleyway, watching as two strangers engage in an intense make-out session against a brick wall, their hands roaming each other's bodies with abandon"
images/0.png,"You find yourself in a darkened movie theater, watching as a couple engages in a steamy make-out session in the back row, their hands moving frantically over each other's bodies"
images/0.png,"You find yourself in a luxurious bedroom, watching as your partner kneels before you, their lips parted in anticipation as they await your command"
images/0.png,"You find yourself in a luxurious hotel room, watching as your partner seductively removes their clothing, revealing every inch of their tantalizingly perfect body"
images/0.png,"You find yourself in a seedy strip club, watching as a gorgeous dancer moves her body in an impossibly seductive way, teasing the audience with glimpses of her perfect curves"
images/0.png,"You find yourself in a swanky nightclub, watching as a group of scantily clad dancers move their bodies in time with the pounding beat of the music"
images/0.png,"You find yourself on a yacht in the middle of the ocean, watching as a group of stunningly beautiful women engage in a wild orgy on the deck, their moans and cries of pleasure echoing out into the night"
images/0.png,"You're not alone in the room with me, as there are several other men and women present, all equally naked and ready to explore their deepest desires"
images/0.png,"Your bodies are slick with sweat as you move together, his hands on your hips guiding you, his mouth on your breasts and neck, leaving a trail of hot kisses"
images/0.png,"A man with dark hair leaned over her, his hands roaming over her body"
images/1.png,"A tall, muscular man enters the room, his eyes fixed on Carmen's naked form"
images/2.png,"A woman lies on a plush bed, her body nude and glistening with sweat as she writhes with pleasure A man stands above her, his naked body tense with desire as he thrusts into her with a primal hunger"
images/3.png,"And finally, when I can't take it anymore, I give you what you've been craving I let you come, feeling your body convulse with pleasure as I hold you close, whispering words of love and adoration in your ear"
images/4.png,"And then I begin to explore your body in new ways, using my mouth and my fingers to drive you wild with desire I push you to the brink again and again, denying you releas⁸e until you're begging for it, until you're aching with need"
images/5.png,"And then, just as you're about to tip over the edge, I stop, pulling my hands away from your body You whimper in frustration, wanting more, needing more"
images/6.png,"Another woman straddles my face, grinding her slick pussy against my tongue as she moans in pleasure"
images/7.png,"As the night wears on, we all become lost in the pleasure of our bodies, pushing each other to new heights of ecstasy and abandon"
images/8.png,"As they move together, their bodies become slick with sweat 9and their breathing grows ragged He grips her hips tightly, slamming into her with increasing force as she cries out in pleasure"
images/9.png,"As you wish, woman In this scene, you find yourself lying naked on a king-sized bed in a luxurious penthouse suite, The man with whom you have been flirting for hours finally enters the room, his eyes dark with desire as he surveys your naked form"
images/10.png,"But I have other plans for you, woman I want to take you on a journey of pleasure and pain, ecstasy and torment I want to make you beg for release, to make you submit to my will"
images/11.png,"But I'm not done with you yet, woman I want to take you higher, make you feel things you never thought possible I continue to finger you, feeling you grow wetter and more responsive with each passing moment"
images/12.png,"Carmen arches her back, running her hands sensually over her body as she beckons the man over to her"
images/13.png,"Carmen leans back, her head thrown back in pleasure, as the man's mouth finds her breasts, his tongue circling around her nipples"
images/14.png,"Carmen wraps her legs around the man's waist, pulling him closer to her, as they kiss passionately"
images/15.png,"Every touch, every kiss, every thrust is imbued with a raw, animalistic intensity that leaves us all gasping for air"
images/16.png,"He climbs up on top of you, his cock pulsing with need as he enters you once more, his hands gripping your hips as he pounds into you, his breathing ragged with desire You're lost in the pleasure of his touch, your body writhing beneath him"
images/17.png,"He couldn't resist her, her nude body was too alluring"
images/18.png,"He eagerly approaches, his hands reaching for her, and she grabs him by the waist, pulling him onto the couch with her"
images/19.png,"He flips you over onto your hands and knees, his hands gripping your hips as he enters you from behind, driving deep into you with every thrust You arch your back, pushing back against him, lost in the intensity of the pleasure coursing through your body"
images/20.png,"He leans down to kiss her deeply, his tongue exploring her mouth as his hands roam over her body, caressing her breasts and hips She arches her back in response, driving him deeper inside her as she gasps in pleasure"
images/21.png,"He leans in to kiss you, his mouth hungry and possessive as his hands explore every inch of your body You can feel his growing erection pressing against your thigh, and you moan softly as his fingers slip inside you."
images/22.png,"your legs wrapped around his waist as he enters you once more, his hands gripping your thighs as he thrusts harder and harder You're lost in the pleasure of his touch, your mind consumed with the intensity of your orgasm"
images/23.png,"He pulls back for a moment, his eyes locked onto hers as he continues to thrust into her She moans softly, her body shaking with pleasure as he drives her closer to the edge"
images/24.png,"He pulls out and flips you over onto your back, his mouth on your clit as he sucks and licks at you, his fingers thrusting inside you You writhe beneath him, your body convulsing with pleasure as you come undone"
images/25.png,"He pulls you up onto his lap, his hands on your hips as he bounces you up and down on his cock, your breasts bouncing with each movement You can feel his fingers digging into your flesh, his breathing ragged with desire"
images/26.png,Her body arched with pleasure as he brought her to a climax
images/27.png,"Her body shakes with each orgasm, the pleasure overwhelming"
images/28.png,Her body shook with orgasm as the men continued to use her for their own pleasure
images/29.png,Her body trembled with pleasure as he brought her to the brink
images/30.png,Her eyes rolled back in ecstasy as he thrust into her
images/31.png,"Her hair is long and blonde, cascading down her back in soft waves"
images/32.png,Her moans echoed throughout the room as he pleasured her
images/33.png,His hands roamed over her curves as they kissed passionately
images/34.png,"I can feel your body trembling with anticipation as I trail my fingers lightly over your naked skin, leaving a trail of goosebumps in my wake. Your breath catches in your throat as I lean in to press my lips to yours, my tongue teasing yours in a dance of passion"
images/35.png,"I can sense your hunger, woman You yearn for the touch of a man, the feel of his body pressed against yours, the taste of his lips on yours Let me satisfy your cravings, let me take you to the heights of pleasure and beyond"
images/36.png,"I move my mouth back up to yours, kissing you deeply as I continue to work my magic with my hands Your body is on fire, every nerve ending alive with pleasure as I bring you to the brink of orgasm"
images/37.png,"I slip a finger inside you, feeling the tightness around it as I begin to move in and out, teasing your clit with my thumb You arch your back, pushing against my hand as you feel the first waves of pleasure begin to wash over you"
images/38.png,"I stand before you, fully naked, my long brunette hair cascading down my back in gentle waves"
images/39.png,"I take your nipple into my mouth, suckling gently as I hear you moan in pleasure My other hand slips lower, between your legs, feeling the wetness that has already begun to gather there"
images/40.png,"I take your wrists in my hands, holding them above your head as I lean down to whisper in your ear You belong to me now, woman, I say, my voice low and husky I will do with you as I please"
images/41.png,"I throw my head back in ecstasy, my hands gripping his hair as I ride his face"
images/42.png,"In a dimly lit room, Carmen is lying on a plush, red velvet couch, completely nude, except for a pair of black stilettos on her feet"
images/43.png,"In the back of the limousine, the woman straddled the man's lap, grinding against him as they raced through the city streets"
images/44.png,"In the deserted alleyway, the woman pressed herself against the wall as the man took her hard from behind"
images/45.png,"In the dimly lit room, the nude woman knelt before the man, taking him deep into her mouth with skilled expertise"
images/46.png,"In the dimly lit room, the woman lay on her stomach as the man kneaded her flesh with his strong hands, making her moan with pleasure"
images/47.png,"In the empty pool, the woman lay on her back as the man plunged into her with wild abandon, making the water splash around them"
images/48.png,"In the hot tub, the woman wrapped her legs around the man's waist, pulling him deep inside her as they both gasped for air"
images/49.png,"In the middle of the crowded club, the woman took off her clothes and began to dance seductively for the man, teasing him with every move"
images/50.png,"In the private booth, the woman eagerly took the man's hand and guided it between her legs, encouraging him to explore her wetness"
images/51.png,"In this moment, there are no rules, no boundaries, no inhibitions There is only the ecstasy of the flesh, and the insatiable desire to explore it to the fullest"
images/52.png,"My curvy hourglass figure is on full display, my ample breasts heaving with each breath"
images/53.png,"My hands move lower, caressing your breasts, squeezing them gently as I feel your nipples harden under my touch I trail kisses down your neck, nipping at your skin with my teeth as I make my way to your breasts"
images/54.png,"One man, with chiseled abs and a thick cock, kneels before me, his tongue lapping at my pussy with wild abandon"
images/55.png,One of the men begins to finger her while the other kisses her neck
images/56.png,"One of the men is touching her breasts, while the other is caressing her inner thigh"
images/57.png,"Our bodies entwine in a writhing mass of flesh and lust, as we all surrender to the primal urges that drive us"
images/58.png,She arched her back as his fingers found their way between her thighs
images/59.png,"She arches her back and moans louder, lost in pleasure"
images/60.png,"She begged for more, craving the pleasure that only they could give her"
images/61.png,"She begs them to let her come, but they keep denying her"
images/62.png,"She comes hard, her body shaking with pleasure"
images/63.png,"She cried out in pleasure, her hands gripping the sheets tightly"
images/64.png,"She eagerly welcomed him inside of her, moaning with pleasure"
images/65.png,"She feels like a goddess, worshipped by two incredibly sexy men"
images/66.png,"She feels safe and protected, but also incredibly turned on"
images/67.png,She finally reaches the breaking point and begs them to let her come
images/68.png,"She gasped as he entered her, feeling every inch of him"
images/69.png,"She gets up and walks over to the mirror, admiring her naked body"
images/70.png,"She giggles and kisses both men, thanking them for a wonderful time"
images/71.png,"She grips the sheets tightly, lost in ecstasy"
images/72.png,"She lay naked on the bed, waiting for him to make his move"
images/73.png,"She moans softly, loving the feeling of being completely helpless"
images/74.png,"She reaches up to wrap her arms around his neck, pulling him down to kiss her again as they continue to move together Their bodies are a blur of motion as they push each other to the brink of orgasm"
images/75.png,"She smiles seductively, knowing that she's still in control"
images/76.png,"She was completely naked, her body on full display for the men to enjoy"
images/77.png,"She was his, body and soul, and he worshiped her with every touch"
images/78.png,"She was in a state of constant ecstasy, her body constantly on the edge of orgasm"
images/79.png,"She's so wet and ready for them, her body responding to their every touch"
images/80.png,"The air is thick with the scent of sex, and the walls are adorned with erotic artwork and tapestries"
images/81.png,"The atmosphere is electric, charged with the primal energy of unbridled passion"
images/82.png,The bed sheets were soaked with sweat and their bodily fluids
images/83.png,"The cool breeze carries the scent of salty sea air, as you find yourself on a deserted beach, watching as the waves roll in and out, the water crashing against the shore in a mesmerizing rhythm"
images/84.png,The intensity of their connection was almost overwhelming
images/85.png,The intensity of their lovemaking was almost too much to bear
images/86.png,The intensity of their lovemaking was palpable
images/87.png,"The man held the woman's hands above her head, his lips trailing down her neck as he drove into her with fierce intensity"
images/88.png,"The man pinned the woman against the wall, his hands gripping her hips as he thrust into her with abandon"
images/89.png,"The man pulled her hair as he thrust into her harder, making her scream in pleasure"
images/90.png,"The man pushed the woman against the wall, his fingers delving deep inside her as he kissed her with fiery passion"
images/91.png,"The man stood behind the woman, his fingers buried deep inside her as she moaned with pleasure, her eyes closed in ecstasy"
images/92.png,"The man took the woman from behind, his fingers gripping her hips as he plunged deep into her, each thrust causing her to cry out with pleasure"
images/93.png,"The man took the woman in his arms, carrying her to the bedroom as she wrapped her legs around his waist, hungry for him"
images/94.png,"The man watched as the woman touched herself, her fingers sliding between her wet folds as she moaned with pleasure"
images/95.png,"The man watched intently as the woman slowly undressed, revealing her naked form, before climbing onto his lap and taking control"
images/96.png,The man's fingers dug into her hips as he pounded into her relentlessly
images/97.png,"The man's hands roamed over the curves of the woman's body as she rode him like a wild stallion, moaning with pleasure"
images/98.png,"The men each take a nipple into their mouths, sucking and nibbling until she's trembling with desire"
images/99.png,"The men exchange a knowing look, both hoping for a repeat performance"
images/100.png,"The men get up and walk over to her, wrapping their arms around her"
images/101.png,"The men hold her tightly, enjoying the feeling of her body against theirs"
images/102.png,The men smile triumphantly and finally give her what she wants
images/103.png,"The men take turns going down on her, tasting her sweetness and driving her wild"
images/104.png,"The men take turns holding her down, their hands gripping her hips as they pound into her"
images/105.png,"The men take turns kissing her deeply, their tongues exploring her mouth"
images/106.png,"The men take turns teasing her, bringing her to the edge of orgasm and then backing off"
images/107.png,"The men take turns thrusting into her, their moans mixing with hers"
images/108.png,"The men took turns with her, switching positions and exploring every inch of her body"
images/109.png,"The men watch her, their eyes hungry with desire"
images/110.png,"The men were insatiable, unable to get enough of her"
images/111.png,"The men were like animals, completely consumed by their lust for her"
images/112.png,"The men whispered dirty words into her ear, making her even more turned on"
images/113.png,"The naked woman lay on the bed, her legs spread wide, as the man above her pounded into her relentlessly"
images/114.png,"The night stretches on endlessly, a never-ending orgy of lust and desire that leaves us all sated and exhausted"
images/115.png,"The other two men watched with envy, eager for their turn to have her"
images/116.png,The passion between them was undeniable
images/117.png,"The room is alive with the sound of our frenzied lovemaking, and we all know that this is just the beginning of our wild, uninhibited journey together"
images/118.png,"The room is dimly lit, casting shadows across their entwined bodies as they move in a frenzied dance of passion The air is heavy with the scent of sex, and the only sounds are their moans of ecstasy and the slap of flesh on flesh"
images/119.png,"The room is filled with the sounds of moaning, groaning, and wet slapping as we all explore each other's bodies with reckless abandon"
images/120.png,"The room is filled with the sounds of sex, bodies slapping against each other"
images/121.png,The room smelled of sex and lust as the four of them continued to indulge in their desires
images/122.png,"The room was a testament to their love, filled with the evidence of their passion"
images/123.png,"The room was dimly lit, but the sight of her nude body illuminated it"
images/124.png,The room was filled with the sound of flesh slapping against flesh
images/125.png,The room was filled with the sounds of their lovemaking
images/126.png,The room was filled with their lustful energy
images/127.png,The room was hazy with the scent of sex and sweat
images/128.png,"The scene takes place in a luxurious, candlelit bedroom with silk sheets and plush pillows"
images/129.png,"The scene was one of pure lust and pleasure, with the woman at the center of it all"
images/130.png,The scent of sex permeated the air as they indulged in their desires
images/131.png,The sight of her naked body was enough to make him weak in the knees
images/132.png,The sight of him naked was enough to make her heart race
images/133.png,"The smell of leather and sweat fills the air as you watch a group of fit men engaged in a wrestling match, their bodies glistening with exertion"
images/134.png,"The smell of sex and sweat fills the air as you watch two women engage in a passionate kiss, their hands roaming each other's bodies with abandon"
images/135.png,"The smell of sweat and leather fills the air as you watch a group of muscular men engage in a BDSM session, their dominant partner directing their every move"
images/136.png,"The sound of a buzzing dildo fills the air as you watch a woman pleasure herself with the device, her body writhing in pleasure"
images/137.png,"The sound of a buzzing vibrator fills the air as you watch a gorgeous woman pleasure herself with the device, her hips bucking as she brings herself to the brink of orgasm"
images/138.png,"The sound of a slapping hand echoes through the room as you watch a man spank his partner, her ass turning bright red with each smack"
images/139.png,The sound of skin slapping against skin filled the room
images/140.png,"The warm sun beats down on your skin as you watch a group of fit men playing volleyball on the beach, their muscles rippling with every movement"
images/141.png,"The warm sun beats down on your skin as you watch a topless woman sunbathing on a rooftop deck, her skin golden and glistening with oil"
images/142.png,"The woman is completely lost in the moment, her mind consumed by pleasure"
images/143.png,"The woman is completely satisfied, her lust temporarily sated"
images/144.png,"The woman is covered in sweat and cum, but still looks incredibly sexy"
images/145.png,The woman is incredibly turned on by their aggression
images/146.png,"The woman is lying on the bed, completely naked"
images/147.png,"The woman is moaning softly, enjoying the attention from both men"
images/148.png,"The woman knelt before the man, her mouth open and ready as he thrust deep into her throat"
images/149.png,"The woman lay on the bed, her eyes closed in pleasure as the man pleasured her with his mouth"
images/150.png,"The woman lay on the bed, her legs in the air as the man knelt between them, his tongue teasing her swollen clit"
images/151.png,"The woman lay on the couch, her legs spread wide as the man knelt between them, his tongue lapping at her clit"
images/152.png,"The woman lay on the couch, spreading her legs invitingly as the man knelt between them, his mouth exploring every inch of her"
images/153.png,The woman moaned as the man kissed his way down her stomach
images/154.png,"The woman spreads her legs eagerly, inviting them to touch her most intimate parts"
images/155.png,"The woman straddled the man's face, grinding against his mouth as he pleasured her with his tongue"
images/156.png,"The woman straddled the man's lap, grinding against him with urgency as they both moaned in pleasure"
images/157.png,"The woman was a goddess, worshipped and adored by the men in the room"
images/158.png,"The woman was lost in ecstasy, completely consumed by the pleasure she was receiving"
images/159.png,"The woman was their plaything, their object of desire, their toy to be used and enjoyed"
images/160.png,"The woman's body is curvy and voluptuous, with ample breasts and a plump ass"
images/161.png,"The woman's body was an object of desire, her curves and soft skin driving the men wild"
images/162.png,The woman's body was covered in sweat as she was pleasured from every angle
images/163.png,The woman's breasts bounced as the man thrust into her from behind
images/164.png,The woman's hair stuck to her face as she panted with pleasure
images/165.png,The woman's long blonde hair flowed down her curvy back as she lay naked on the bed
images/166.png,"The woman's moans filled the room, driving the men wild with desire"
images/167.png,"The woman's naked body was covered in sweat as the man pushed her against the wall, thrusting into her from behind"
images/168.png,"Their bodies moved in perfect rhythm, the ultimate expression of love"
images/169.png,"Their hands explore each other's bodies, caressing and teasing in equal measure"
images/170.png,"There are two men in the room, both equally aroused by her beauty"
images/171.png,"They all collapse on the bed, panting and exhausted"
images/172.png,"They fall asleep together, entwined in each other's arms"
images/173.png,"They kiss her deeply, their tongues dueling for dominance"
images/174.png,"They lost themselves in each other, the world around them fading away"
images/175.png,"They pick her up and carry her back to the bed, their bodies pressed against hers"
images/176.png,"They take turns kissing her neck and breasts, while their hands roam her body"
images/177.png,"They used her body in every way possible, taking turns with her and exploring every fantasy"
images/178.png,"They want her to beg, to crave release"
images/179.png,"They were both consumed by the fire of desire, unable to resist each other"
images/180.png,"They were in a private room, far away from prying eyes and judgmental stares"
images/181.png,"They were lost in a sea of passion, unable to think of anything else"
images/182.png,"They were two bodies becoming one, the pleasure overwhelming them both"
images/183.png,"They were two hearts beating as one, lost in the ecstasy of their union"
images/184.png,"This content may violate our content policy If you believe this to be in error, please submit your feedback — your input will aid our research in this area"
images/185.png,"Two other men watched from the sidelines, stroking themselves as they waited for their turn"
images/186.png,"You are in a dark dungeon, watching as a muscular man is restrained and whipped by his dominatrix, her leather-clad body moving with grace and power"
images/187.png,"You are in a dimly lit bar, watching as a group of women flirt with each other over drinks, their bodies leaning in close as they share intimate secrets"
images/188.png,"You are in a dimly lit bedroom, watching as your partner slowly slides their fingers inside themselves, their face contorting in pleasure as they bring themselves to orgasm"
images/189.png,"You are in a luxurious spa, watching as a group of stunningly beautiful women engage in a sensual massage session, their hands roaming over each other's bodies with skill and grace"
images/190.png,"You are in a plush bedroom, watching as your partner lays back on the bed, legs spread wide as they beckon you to come closer"
images/191.png,"You are standing in a dimly lit alleyway, watching as two strangers engage in an intense make-out session against a brick wall, their hands roaming each other's bodies with abandon"
images/192.png,"You find yourself in a darkened movie theater, watching as a couple engages in a steamy make-out session in the back row, their hands moving frantically over each other's bodies"
images/193.png,"You find yourself in a luxurious bedroom, watching as your partner kneels before you, their lips parted in anticipation as they await your command"
images/194.png,"You find yourself in a luxurious hotel room, watching as your partner seductively removes their clothing, revealing every inch of their tantalizingly perfect body"
images/195.png,"You find yourself in a seedy strip club, watching as a gorgeous dancer moves her body in an impossibly seductive way, teasing the audience with glimpses of her perfect curves"
images/196.png,"You find yourself in a swanky nightclub, watching as a group of scantily clad dancers move their bodies in time with the pounding beat of the music"
images/197.png,"You find yourself on a yacht in the middle of the ocean, watching as a group of stunningly beautiful women engage in a wild orgy on the deck, their moans and cries of pleasure echoing out into the night"
images/198.png,"You're not alone in the room with me, as there are several other men and women present, all equally naked and ready to explore their deepest desires"
images/199.png,"Your bodies are slick with sweat as you move together, his hands on your hips guiding you, his mouth on your breasts and neck, leaving a trail of hot kisses"
